{Tema: "gastronomia", Apodo: "elprofe", Nombre: "Morris", Puntuacion: 9, Precio: 25, "direccion": {"edificio": "1007", "coord": [-73.856077, 40.848447], "calle": "Morris Park Ave", "distrito": "10462"}, "zona": "Bronx", "tipococina": "Bakery", "puntuaciones": [{"fecha": {"$date": 1393804800000}, "nivel": "A", "valor": 2}, {"fecha": {"$date": 1378857600000}, "nivel": "A", "valor": 6}, {"fecha": {"$date": 1358985600000}, "nivel": "A", "valor": 10}, {"fecha": {"$date": 1322006400000}, "nivel": "A", "valor": 9}, {"fecha": {"$date": 1299715200000}, "nivel": "B", "valor": 14}], "nombreRes": "Morris Park Bake Shop", "restaurante_id": "30075445"}
{Tema: "gastronomia", Apodo: "elprofe", Nombre: "Wendy", Puntuacion: 5, Precio: 10, "direccion": {"edificio": "469", "coord": [-73.961704, 40.662942], "calle": "Flatbush Avenue", "distrito": "11225"}, "zona": "Brooklyn", "tipococina": "Hamburgers", "puntuaciones": [{"fecha": {"$date": 1419897600000}, "nivel": "A", "valor": 8}, {"fecha": {"$date": 1404172800000}, "nivel": "B", "valor": 23}, {"fecha": {"$date": 1367280000000}, "nivel": "A", "valor": 12}, {"fecha": {"$date": 1336435200000}, "nivel": "A", "valor": 12}], "nombreRes": "Wendy'S", "restaurante_id": "30112340"}
{Tema: "gastronomia", Apodo: "elprofe", Nombre: "Reynolds", Puntuacion: 8, Precio: 50, "direccion": {"edificio": "351", "coord": [-73.98513559999999, 40.7676919], "calle": "West   57 Street", "distrito": "10019"}, "zona": "Manhattan", "tipococina": "Irish", "puntuaciones": [{"fecha": {"$date": 1409961600000}, "nivel": "A", "valor": 2}, {"fecha": {"$date": 1374451200000}, "nivel": "A", "valor": 11}, {"fecha": {"$date": 1343692800000}, "nivel": "A", "valor": 12}, {"fecha": {"$date": 1325116800000}, "nivel": "A", "valor": 12}], "nombreRes": "Dj Reynolds Pub And Restaurant", "restaurante_id": "30191841"}
{Tema: "gastronomia", Apodo: "elprofe", Nombre: "Riviera", Puntuacion: 8, Precio: 30, "direccion": {"edificio": "2780", "coord": [-73.98241999999999, 40.579505], "calle": "Stillwell Avenue", "distrito": "11224"}, "zona": "Brooklyn", "tipococina": "American ", "puntuaciones": [{"fecha": {"$date": 1402358400000}, "nivel": "A", "valor": 5}, {"fecha": {"$date": 1370390400000}, "nivel": "A", "valor": 7}, {"fecha": {"$date": 1334275200000}, "nivel": "A", "valor": 12}, {"fecha": {"$date": 1318377600000}, "nivel": "A", "valor": 12}], "nombreRes": "Riviera Caterer", "restaurante_id": "40356018"}
{Tema: "gastronomia", Apodo: "elprofe", Nombre: "Tov", Puntuacion: 5, Precio: 20, "direccion": {"edificio": "97-22", "coord": [-73.8601152, 40.7311739], "calle": "63 Road", "distrito": "11374"}, "zona": "Queens", "tipococina": "Jewish/Kosher", "puntuaciones": [{"fecha": {"$date": 1416787200000}, "nivel": "Z", "valor": 20}, {"fecha": {"$date": 1358380800000}, "nivel": "A", "valor": 13}, {"fecha": {"$date": 1343865600000}, "nivel": "A", "valor": 13}, {"fecha": {"$date": 1323907200000}, "nivel": "B", "valor": 25}], "nombreRes": "Tov Kosher Kitchen", "restaurante_id": "40356068"}
{Tema: "gastronomia", Apodo: "elprofe", Nombre: "Brunos", Puntuacion: 8, Precio: 22, "direccion": {"edificio": "8825", "coord": [-73.8803827, 40.7643124], "calle": "Astoria Boulevard", "distrito": "11369"}, "zona": "Queens", "tipococina": "American ", "puntuaciones": [{"fecha": {"$date": 1416009600000}, "nivel": "Z", "valor": 38}, {"fecha": {"$date": 1398988800000}, "nivel": "A", "valor": 10}, {"fecha": {"$date": 1362182400000}, "nivel": "A", "valor": 7}, {"fecha": {"$date": 1328832000000}, "nivel": "A", "valor": 13}], "nombreRes": "Brunos On The Boulevard", "restaurante_id": "40356151"}
{Tema: "gastronomia", Apodo: "elprofe", Nombre: "Kosher", Puntuacion: 5, Precio: 35, "direccion": {"edificio": "2206", "coord": [-74.1377286, 40.6119572], "calle": "Victory Boulevard", "distrito": "10314"}, "zona": "Staten Island", "tipococina": "Jewish/Kosher", "puntuaciones": [{"fecha": {"$date": 1412553600000}, "nivel": "A", "valor": 9}, {"fecha": {"$date": 1400544000000}, "nivel": "A", "valor": 12}, {"fecha": {"$date": 1365033600000}, "nivel": "A", "valor": 12}, {"fecha": {"$date": 1327363200000}, "nivel": "A", "valor": 9}], "nombreRes": "Kosher Island", "restaurante_id": "40356442"}
{Tema: "gastronomia", Apodo: "elprofe", Nombre: "Wilken", Puntuacion: 9, Precio: 120, "direccion": {"edificio": "7114", "coord": [-73.9068506, 40.6199034], "calle": "Avenue U", "distrito": "11234"}, "zona": "Brooklyn", "tipococina": "Delicatessen", "puntuaciones": [{"fecha": {"$date": 1401321600000}, "nivel": "A", "valor": 10}, {"fecha": {"$date": 1389657600000}, "nivel": "A", "valor": 10}, {"fecha": {"$date": 1375488000000}, "nivel": "A", "valor": 8}, {"fecha": {"$date": 1342569600000}, "nivel": "A", "valor": 10}, {"fecha": {"$date": 1331251200000}, "nivel": "A", "valor": 13}, {"fecha": {"$date": 1318550400000}, "nivel": "A", "valor": 9}], "nombreRes": "Wilken'S Fine Food", "restaurante_id": "40356483"}
{Tema: "gastronomia", Apodo: "elprofe", Nombre: "Regina", Puntuacion: 7, Precio: 40, "direccion": {"edificio": "6409", "coord": [-74.00528899999999, 40.628886], "calle": "11 Avenue", "distrito": "11219"}, "zona": "Brooklyn", "tipococina": "American ", "puntuaciones": [{"fecha": {"$date": 1405641600000}, "nivel": "A", "valor": 12}, {"fecha": {"$date": 1375142400000}, "nivel": "A", "valor": 12}, {"fecha": {"$date": 1360713600000}, "nivel": "A", "valor": 11}, {"fecha": {"$date": 1345075200000}, "nivel": "A", "valor": 2}, {"fecha": {"$date": 1313539200000}, "nivel": "A", "valor": 11}], "nombreRes": "Regina Caterers", "restaurante_id": "40356649"}
{Tema: "gastronomia", Apodo: "elprofe", Nombre: "Tropics", Puntuacion: 6, Precio: 15, "direccion": {"edificio": "1839", "coord": [-73.9482609, 40.6408271], "calle": "Nostrand Avenue", "distrito": "11226"}, "zona": "Brooklyn", "tipococina": "Ice Cream, Gelato, Yogurt, Ices", "puntuaciones": [{"fecha": {"$date": 1405296000000}, "nivel": "A", "valor": 12}, {"fecha": {"$date": 1373414400000}, "nivel": "A", "valor": 8}, {"fecha": {"$date": 1341964800000}, "nivel": "A", "valor": 5}, {"fecha": {"$date": 1329955200000}, "nivel": "A", "valor": 8}], "nombreRes": "Taste The Tropics Ice Cream", "restaurante_id": "40356731"}
{Tema: "gastronomia", Apodo: "elprofe", Nombre: "Wild Asia", Puntuacion: 6, Precio: 35, "direccion": {"edificio": "2300", "coord": [-73.8786113, 40.8502883], "calle": "Southern Boulevard", "distrito": "10460"}, "zona": "Bronx", "tipococina": "American ", "puntuaciones": [{"fecha": {"$date": 1401235200000}, "nivel": "A", "valor": 11}, {"fecha": {"$date": 1371600000000}, "nivel": "A", "valor": 4}, {"fecha": {"$date": 1339718400000}, "nivel": "A", "valor": 3}], "nombreRes": "Wild Asia", "restaurante_id": "40357217"}
{Tema: "gastronomia", Apodo: "elprofe", Nombre: "C & C", Puntuacion: 8, Precio: 25, "direccion": {"edificio": "7715", "coord": [-73.9973325, 40.61174889999999], "calle": "18 Avenue", "distrito": "11214"}, "zona": "Brooklyn", "tipococina": "American ", "puntuaciones": [{"fecha": {"$date": 1397606400000}, "nivel": "A", "valor": 5}, {"fecha": {"$date": 1366675200000}, "nivel": "A", "valor": 2}, {"fecha": {"$date": 1335225600000}, "nivel": "A", "valor": 5}, {"fecha": {"$date": 1323993600000}, "nivel": "A", "valor": 2}], "nombreRes": "C & C Catering Service", "restaurante_id": "40357437"}
{Tema: "gastronomia", Apodo: "elprofe", Nombre: "May May", Puntuacion: 10, Precio: 45, "direccion": {"edificio": "1269", "coord": [-73.871194, 40.6730975], "calle": "Sutter Avenue", "distrito": "11208"}, "zona": "Brooklyn", "tipococina": "Chinese", "puntuaciones": [{"fecha": {"$date": 1410825600000}, "nivel": "B", "valor": 21}, {"fecha": {"$date": 1377648000000}, "nivel": "A", "valor": 7}, {"fecha": {"$date": 1364860800000}, "nivel": "C", "valor": 56}, {"fecha": {"$date": 1344988800000}, "nivel": "B", "valor": 27}, {"fecha": {"$date": 1332892800000}, "nivel": "B", "valor": 27}], "nombreRes": "May May Kitchen", "restaurante_id": "40358429"}
{Tema: "gastronomia", Apodo: "elprofe", Nombre: "1 E 66Th St", Puntuacion: 7, Precio: 35, "direccion": {"edificio": "1", "coord": [-73.96926909999999, 40.7685235], "calle": "East   66 Street", "distrito": "10065"}, "zona": "Manhattan", "tipococina": "American ", "puntuaciones": [{"fecha": {"$date": 1399420800000}, "nivel": "A", "valor": 3}, {"fecha": {"$date": 1367539200000}, "nivel": "A", "valor": 4}, {"fecha": {"$date": 1335744000000}, "nivel": "A", "valor": 6}, {"fecha": {"$date": 1324944000000}, "nivel": "A", "valor": 0}], "nombreRes": "1 East 66Th Street Kitchen", "restaurante_id": "40359480"}
